gate_varied,factor,survivor_rate
abs_c1_plus_c3,0.1,0.07975
abs_c1_plus_c3,0.3,0.200625
abs_c1_plus_c3,1.0,0.30275
abs_c1_plus_c3,3.0,0.302875
abs_c1_plus_c3,10.0,0.302875
abs_c2,0.1,0.03875
abs_c2,0.3,0.112625
abs_c2,1.0,0.30275
abs_c2,3.0,0.30275
abs_c2,10.0,0.30275
abs_c4,0.1,0.039375
abs_c4,0.3,0.116
abs_c4,1.0,0.30275
abs_c4,3.0,0.30275
abs_c4,10.0,0.30275
zetaF_over_MF2,0.1,0.152375
zetaF_over_MF2,0.3,0.219625
zetaF_over_MF2,1.0,0.30275
zetaF_over_MF2,3.0,0.381125
zetaF_over_MF2,10.0,0.381125
eps_over_Mpsi,0.1,0.153375
eps_over_Mpsi,0.3,0.22275
eps_over_Mpsi,1.0,0.30275
eps_over_Mpsi,3.0,0.382375
eps_over_Mpsi,10.0,0.382375
g_agammagamma,0.1,0.246
g_agammagamma,0.3,0.2745
g_agammagamma,1.0,0.30275
g_agammagamma,3.0,0.315375
g_agammagamma,10.0,0.315375
de_elec,0.1,0.151625
de_elec,0.3,0.226125
de_elec,1.0,0.30275
de_elec,3.0,0.37275
de_elec,10.0,0.399
dn_neut,0.1,0.0625
dn_neut,0.3,0.177625
dn_neut,1.0,0.30275
dn_neut,3.0,0.417
dn_neut,10.0,0.462125
