created_at,creator_id,creator_label,deadline,description_with_group,description,group_id,id,mean_confidence,outcome,prediction_group_id,last_judgement_at,updated_at,uuid,version,visibility,withdrawn
2016-11-10 01:35:16 UTC,3954,NathanMcKnight,2016-11-09 12:00:00 UTC,Wow.,Wow.,,180202,100,true,,2016-11-12 16:29:37 UTC,2016-11-10 01:35:16 UTC,5c7254e8-3b10-47b6-ad56-4885a0606e56,1,visible_to_everyone,false
2016-11-07 20:03:13 UTC,3954,NathanMcKnight,2016-11-12 12:00:00 UTC,Clinton wins by 5 points or more. ,Clinton wins by 5 points or more. ,,180152,24,false,,2016-11-09 08:50:26 UTC,2016-11-07 20:03:13 UTC,e94be853-c65f-49f4-a7f5-9d8df3da9b71,1,visible_to_everyone,false
2016-10-11 04:35:28 UTC,3954,NathanMcKnight,2016-12-16 12:00:00 UTC,"Clinton wins at least one of the following: AK, GA, MO","Clinton wins at least one of the following: AK, GA, MO",,179920,36,false,,2016-11-09 08:47:40 UTC,2016-10-11 04:35:28 UTC,8f8074b5-4368-4f36-b234-2731dc20803c,1,visible_to_everyone,false
2016-08-28 04:05:51 UTC,3954,NathanMcKnight,2016-12-16 12:00:00 UTC,"HRC wins at least one of the following: AZ, GA, MO, MT, SC. ","HRC wins at least one of the following: AZ, GA, MO, MT, SC. ",,179410,28,false,,2016-11-09 22:33:09 UTC,2016-08-28 04:05:51 UTC,fdfdb35b-2a83-4663-8614-0056298d70ee,1,visible_to_everyone,false
2016-08-26 18:38:16 UTC,3954,NathanMcKnight,2020-11-16 11:00:00 UTC,Libertarian Party candidate gets into 2020 presidential debates.,Libertarian Party candidate gets into 2020 presidential debates.,,179388,16,false,,2020-11-23 13:30:21 UTC,2016-09-01 19:15:24 UTC,8cf110cc-81cc-4cbe-b94c-bb3a1cfc0034,2,visible_to_everyone,false
2016-08-26 18:36:56 UTC,3954,NathanMcKnight,2021-01-16 23:00:00 UTC,Libertarian Party wins presidency in 2020. ,Libertarian Party wins presidency in 2020. ,,179387,3,false,,2020-11-08 10:17:50 UTC,2016-09-01 19:14:49 UTC,d71ed8ad-60f1-4561-ad43-5ce57cb20cbf,2,visible_to_everyone,false
2016-08-26 18:36:26 UTC,3954,NathanMcKnight,2021-01-16 12:00:00 UTC,Gary Johnson gets into 2020 presidential debates. ,Gary Johnson gets into 2020 presidential debates. ,,179386,5,false,,2020-09-13 12:26:19 UTC,2016-08-26 18:36:26 UTC,c02a778a-1aff-4c06-8220-8f32a657bb1b,1,visible_to_everyone,false
2016-08-26 18:35:25 UTC,3954,NathanMcKnight,2021-01-16 12:00:00 UTC,Gary Johnson wins 2020 presidential election. ,Gary Johnson wins 2020 presidential election. ,,179385,4,false,,2021-01-01 02:16:27 UTC,2016-08-26 18:35:25 UTC,849eafae-54ab-4642-baf0-430cd104e97c,1,visible_to_everyone,false
2016-08-11 23:11:37 UTC,3954,NathanMcKnight,2016-12-16 12:00:00 UTC,"Nate Silver's ""Polls Only"" model proves to be the most accurate of 538's three models on election day. ","Nate Silver's ""Polls Only"" model proves to be the most accurate of 538's three models on election day. ",,179222,60,false,,2016-11-14 07:50:47 UTC,2016-08-11 23:11:37 UTC,dae4830e-1a93-4f48-ba70-f5b141d7371f,1,visible_to_everyone,false
2016-08-09 16:48:41 UTC,3954,NathanMcKnight,2016-12-16 12:00:00 UTC,Clinton wins entire eastern seaboard from Maine to Florida. ,Clinton wins entire eastern seaboard from Maine to Florida. ,,179196,15,false,,2016-11-09 08:48:43 UTC,2016-08-09 16:48:41 UTC,f6e807d5-a7dc-40da-b6d0-61ef2dddc3c6,1,visible_to_everyone,false
2016-08-01 23:35:43 UTC,3954,NathanMcKnight,2016-12-16 12:00:00 UTC,Trump will not lead Clinton in the RCP average by more than 5% at any point in the 2016 election. ,Trump will not lead Clinton in the RCP average by more than 5% at any point in the 2016 election. ,,179120,85,true,,2016-11-09 09:37:56 UTC,2016-08-01 23:35:43 UTC,4cb9f0cb-421c-4eb5-ae17-8867586db84e,1,visible_to_everyone,false
2016-07-09 01:02:43 UTC,3954,NathanMcKnight,2017-03-01 12:00:00 UTC,Complete lack of cheesecake. ,Complete lack of cheesecake. ,,178740,6,false,,2017-03-01 12:13:11 UTC,2016-07-09 01:02:43 UTC,0a6aaabd-176c-4ae6-ac35-45af43003286,1,visible_to_everyone,false
2016-06-27 20:05:33 UTC,3954,NathanMcKnight,2026-01-16 12:00:00 UTC,Scotland rejoins the EU as an independent nation in the next 10 years. ,Scotland rejoins the EU as an independent nation in the next 10 years. ,,178566,35,,,,2016-06-27 20:05:33 UTC,c24f564f-0176-4610-90cf-45ac749286db,1,visible_to_everyone,false
2016-06-27 20:04:45 UTC,3954,NathanMcKnight,2021-01-16 12:00:00 UTC,"In the next 5 years, Northern Ireland holds either an Irish reunification referendum, or an independence referendum. ","In the next 5 years, Northern Ireland holds either an Irish reunification referendum, or an independence referendum. ",,178565,12,false,,2021-01-01 01:01:51 UTC,2016-06-27 20:04:45 UTC,ad531b4a-86c4-4f39-bcd0-9f1f1eb2662c,1,visible_to_everyone,false
2016-06-27 20:02:58 UTC,3954,NathanMcKnight,2021-01-16 12:00:00 UTC,Scotland holds another independence referendum in the next 5 years. ,Scotland holds another independence referendum in the next 5 years. ,,178564,55,false,,2021-01-16 16:12:37 UTC,2016-06-27 20:02:58 UTC,d33e7ec3-95d7-4df5-b607-1634424c01e8,1,visible_to_everyone,false
2016-06-17 14:45:01 UTC,3954,NathanMcKnight,2017-01-01 12:00:00 UTC,Stein and/or Johnson take more than 1% of the national popular vote. ,Stein and/or Johnson take more than 1% of the national popular vote. ,,178451,72,true,,2016-11-15 05:37:24 UTC,2016-06-17 14:45:01 UTC,59f03475-0e59-4303-945c-c2bd55a50c4d,1,visible_to_everyone,false
2016-05-10 17:46:17 UTC,3954,NathanMcKnight,2017-01-16 12:00:00 UTC,Trump will take fewer than 170 electoral votes in 2016 election.,Trump will take fewer than 170 electoral votes in 2016 election.,,178098,39,false,,2017-01-02 16:18:22 UTC,2016-05-10 17:46:17 UTC,cdc74aa2-61fe-43fa-ab3a-3303aa359fd3,1,visible_to_everyone,false
2016-05-10 17:45:50 UTC,3954,NathanMcKnight,2017-01-16 23:00:00 UTC,Trump will take fewer than 210 electoral votes in 2016 election.,Trump will take fewer than 210 electoral votes in 2016 election.,,178097,59,false,,2017-01-02 16:20:39 UTC,2016-05-10 17:46:32 UTC,34c27b35-c5be-4dff-bac7-f68b601716bd,2,visible_to_everyone,false
2016-05-10 17:44:13 UTC,3954,NathanMcKnight,2017-01-16 12:00:00 UTC,"HRC will take at least 280 electoral votes in 2016 election.

","HRC will take at least 280 electoral votes in 2016 election.

",,178096,70,false,,2017-01-02 16:19:07 UTC,2016-05-10 17:44:13 UTC,d9fa55e7-ba92-4b58-a2ee-06f2880969f4,1,visible_to_everyone,false
2016-05-10 17:43:17 UTC,3954,NathanMcKnight,2017-01-16 12:00:00 UTC,HRC will take at least 330 electoral votes in 2016 election.,HRC will take at least 330 electoral votes in 2016 election.,,178095,55,false,,2017-01-02 16:19:10 UTC,2016-05-10 17:43:17 UTC,7f8f5d4e-d4d9-46fc-a3c2-d2aaac3f767a,1,visible_to_everyone,false
2016-05-04 04:22:26 UTC,3954,NathanMcKnight,2016-11-16 22:00:00 UTC,Clinton to back legalizing recreational and/or medical marijuana during 2016 election. ,Clinton to back legalizing recreational and/or medical marijuana during 2016 election. ,,178054,31,true,,2016-11-21 17:55:45 UTC,2016-05-11 16:29:38 UTC,24d26f7c-a2c3-4457-8d52-6b5db1acbcfc,3,visible_to_everyone,false
2016-05-04 04:21:41 UTC,3954,NathanMcKnight,2016-11-16 11:00:00 UTC,Trump to back legalizing recreational and/or medical marijuana during 2016 election. ,Trump to back legalizing recreational and/or medical marijuana during 2016 election. ,,178053,33,true,,2016-11-16 12:48:49 UTC,2016-05-11 16:30:16 UTC,34537375-ade1-4b58-b79a-c7cb41b3016f,2,visible_to_everyone,false
2016-04-14 14:24:22 UTC,3954,NathanMcKnight,2017-01-16 12:00:00 UTC,Texas votes Democratic in 2016 presidential election.,Texas votes Democratic in 2016 presidential election.,,177896,18,false,,2017-01-02 16:20:03 UTC,2016-04-14 14:24:22 UTC,0dae9364-52e3-4ca6-9f98-ae57d14688fa,1,visible_to_everyone,false
2016-04-05 20:56:24 UTC,3954,NathanMcKnight,2016-11-16 00:00:00 UTC,Clinton chooses Michael B. Coleman as running mate. ,Clinton chooses Michael B. Coleman as running mate. ,,177813,23,false,,2016-11-09 21:54:29 UTC,2016-04-05 20:56:24 UTC,e9336d82-1b24-48c0-bf66-a747b26095b1,1,visible_to_everyone,false
2016-03-30 16:34:27 UTC,3954,NathanMcKnight,2016-12-16 12:00:00 UTC,Utah will go to somebody other than the GOP nominee in 2016. ,Utah will go to somebody other than the GOP nominee in 2016. ,,177771,9,false,,2016-11-09 08:45:33 UTC,2016-03-30 16:34:27 UTC,91c07dc6-8298-4618-91ed-15f2bc0b9dca,1,visible_to_everyone,false
2016-03-24 19:23:29 UTC,3954,NathanMcKnight,2016-11-16 00:00:00 UTC,Trump names his running mate before GOP convention. ,Trump names his running mate before GOP convention. ,,177745,45,true,,2016-07-17 03:15:29 UTC,2016-03-24 19:23:29 UTC,237534db-d26e-4cbf-9ee4-1b1477d3515b,1,visible_to_everyone,false
2016-03-24 18:49:34 UTC,3954,NathanMcKnight,2017-01-16 12:00:00 UTC,House of Representatives selects next POTUS. ,House of Representatives selects next POTUS. ,,177744,4,false,,2017-01-16 23:53:59 UTC,2016-03-24 18:49:34 UTC,c5189e71-82bd-4917-b6ee-c58ed8d2d45f,1,visible_to_everyone,false
2016-03-22 23:14:39 UTC,3954,NathanMcKnight,2017-01-16 12:00:00 UTC,Third party candidate gets more votes than Trump. ,Third party candidate gets more votes than Trump. ,,177713,9,false,,2016-11-09 10:38:59 UTC,2016-03-22 23:14:39 UTC,83863068-bbf9-44da-b082-1ab817f17530,1,visible_to_everyone,false
2016-03-22 21:59:34 UTC,3954,NathanMcKnight,2017-02-02 12:00:00 UTC,"If nominated, Trump will win zero electoral votes. ","If nominated, Trump will win zero electoral votes. ",,177711,5,false,,2016-11-09 09:38:50 UTC,2016-03-22 21:59:34 UTC,abbdfd4b-9589-4cd4-928c-62d69cc9d8c2,1,visible_to_everyone,false
2016-03-21 19:15:09 UTC,3954,NathanMcKnight,2016-12-16 12:00:00 UTC,Trump takes fewer electoral votes than Goldwater.,Trump takes fewer electoral votes than Goldwater.,,177706,14,false,,2016-11-09 08:45:11 UTC,2016-03-21 19:15:09 UTC,caadf871-91d0-47b0-a6a7-f5d07335cd79,1,visible_to_everyone,false
2016-03-08 01:43:35 UTC,3954,NathanMcKnight,2016-11-16 00:00:00 UTC,Romney is GOP nominee.,Romney is GOP nominee.,,177559,2,false,,2016-11-09 10:39:25 UTC,2016-03-08 01:43:35 UTC,27c65f28-99ea-4294-ba10-a776e39c74a3,1,visible_to_everyone,false
2016-03-08 01:43:12 UTC,3954,NathanMcKnight,2016-11-16 00:00:00 UTC,Romney runs third party. ,Romney runs third party. ,,177558,3,false,,2016-11-09 10:39:36 UTC,2016-03-08 01:43:12 UTC,b9ff173d-ba90-4cd4-978f-4e8410d72095,1,visible_to_everyone,false
2016-03-07 01:12:57 UTC,3954,NathanMcKnight,2016-12-01 12:00:00 UTC,At least one senator or representative to change parties before the election. ,At least one senator or representative to change parties before the election. ,,177546,19,false,,2016-12-03 23:10:38 UTC,2016-03-07 01:12:57 UTC,221e612a-6267-49a7-b9df-07f5ccd04ac3,1,visible_to_everyone,false
2016-03-05 16:30:39 UTC,3954,NathanMcKnight,2017-01-01 12:00:00 UTC,Supreme Court strikes down Texas abortion law in 5-3 split. ,Supreme Court strikes down Texas abortion law in 5-3 split. ,,177534,47,,,,2016-03-05 16:30:39 UTC,58aed820-47e2-47df-9d0d-6d2346fdaaff,1,visible_to_everyone,false
2016-03-05 16:30:04 UTC,3954,NathanMcKnight,2017-01-01 12:00:00 UTC,Supreme Court strikes down Texas abortion law in 6-2 split. ,Supreme Court strikes down Texas abortion law in 6-2 split. ,,177533,15,,,,2016-03-05 16:30:04 UTC,f654e940-a51d-41aa-ba6c-95685f2f639b,1,visible_to_everyone,false
2016-03-05 16:29:28 UTC,3954,NathanMcKnight,2017-01-01 12:00:00 UTC,Supreme Court strikes down Texas abortion law. ,Supreme Court strikes down Texas abortion law. ,,177532,59,,,,2016-03-05 16:29:28 UTC,792f21dc-b925-466d-8323-19f23de01f9d,1,visible_to_everyone,false
2016-03-05 06:54:35 UTC,3954,NathanMcKnight,2020-01-01 12:00:00 UTC,Trump Republicans split from GOP to start a third party. ,Trump Republicans split from GOP to start a third party. ,,177527,10,false,,2020-01-02 01:06:31 UTC,2016-03-05 06:54:35 UTC,f2f9135f-1cf5-4781-b861-95b2f0f02b0c,1,visible_to_everyone,false
2016-03-05 06:54:00 UTC,3954,NathanMcKnight,2020-01-01 12:00:00 UTC,Establishment Republicans split from GOP and start a third party. ,Establishment Republicans split from GOP and start a third party. ,,177526,11,false,,2020-01-08 22:18:00 UTC,2016-03-05 06:54:00 UTC,612600fc-1395-4031-b030-94c2efe427b1,1,visible_to_everyone,false
2016-03-02 22:08:35 UTC,3954,NathanMcKnight,2017-01-01 12:00:00 UTC,Greater than 15% of Republicans vote for Clinton or third party. ,Greater than 15% of Republicans vote for Clinton or third party. ,,177501,37,false,,2017-05-27 22:23:53 UTC,2016-03-02 22:08:35 UTC,e958f694-edfc-4822-9b11-55cb71a59a1b,1,visible_to_everyone,false
2016-03-02 22:05:46 UTC,3954,NathanMcKnight,2016-12-01 12:00:00 UTC,Christie disavows support for Donald Trump before the election. ,Christie disavows support for Donald Trump before the election. ,,177500,15,false,,2016-11-09 08:43:02 UTC,2016-03-02 22:05:46 UTC,f7700dd8-8c27-46d9-bbc9-b3b2f749afb4,1,visible_to_everyone,false
2016-03-02 22:05:01 UTC,3954,NathanMcKnight,2016-12-01 12:00:00 UTC,Trump selects Christie as his running mate.,Trump selects Christie as his running mate.,,177499,19,false,,2016-07-15 18:05:48 UTC,2016-03-02 22:05:01 UTC,b97d0471-6ba3-4d51-91fe-cd7ec6d0b7ce,1,visible_to_everyone,false
2016-03-02 21:45:47 UTC,3954,NathanMcKnight,2017-03-02 12:00:00 UTC,Cabinet appointment for Bernie Sanders. ,Cabinet appointment for Bernie Sanders. ,,177497,20,false,,2017-03-06 00:03:11 UTC,2016-03-02 21:45:47 UTC,4462c8a4-df66-4a43-a6f8-930577dc4824,1,visible_to_everyone,false
2016-02-29 21:15:54 UTC,3954,NathanMcKnight,2016-06-14 12:00:00 UTC,Bernie will remain in the race through the District of Columbia primary.,Bernie will remain in the race through the District of Columbia primary.,,177465,44,true,,2016-06-14 18:28:21 UTC,2016-02-29 21:15:54 UTC,92fd48d6-9c22-4787-ab5e-945c6e4f0da5,1,visible_to_everyone,false
2016-02-29 21:14:32 UTC,3954,NathanMcKnight,2016-06-07 12:00:00 UTC,Bernie will drop out before California primary.,Bernie will drop out before California primary.,,177464,25,false,,2016-06-08 13:08:06 UTC,2016-02-29 21:14:32 UTC,5ab174a7-aa01-4086-8bdc-0f8ab039d80d,1,visible_to_everyone,false
2016-02-29 21:12:40 UTC,3954,NathanMcKnight,2016-04-19 22:00:00 UTC,Bernie will drop out before New York primary.,Bernie will drop out before New York primary.,,177463,15,false,,2016-04-19 23:00:23 UTC,2016-02-29 21:12:53 UTC,f7738e97-2be1-4639-8eb0-d86ea9579701,2,visible_to_everyone,false
2016-02-29 21:11:42 UTC,3954,NathanMcKnight,2016-03-16 12:00:00 UTC,Bernie will drop out before Ohio & Florida primaries. ,Bernie will drop out before Ohio & Florida primaries. ,,177462,8,false,,2016-03-16 02:07:07 UTC,2016-02-29 21:11:42 UTC,6eaf4388-ee73-4427-8f11-f1979a4cc4a4,1,visible_to_everyone,false
2016-02-14 02:14:48 UTC,3954,NathanMcKnight,2017-02-14 02:14:48 UTC,Jane Kelly is nominated to replace Scalia. ,Jane Kelly is nominated to replace Scalia. ,,177219,22,false,,2017-02-02 00:48:07 UTC,2016-02-14 02:14:48 UTC,2fe81062-04cb-4ca2-a533-14e2552dfb35,1,visible_to_everyone,false
2016-02-05 17:55:48 UTC,3954,NathanMcKnight,2016-10-31 12:00:00 UTC,Sanders will endorse Clinton as the 2016 Democratic nominee. ,Sanders will endorse Clinton as the 2016 Democratic nominee. ,,177090,53,true,,2016-07-12 17:22:54 UTC,2016-02-05 17:55:48 UTC,70de091a-ee4b-42eb-97e6-439a34220a63,1,visible_to_everyone,false
2016-02-03 21:55:54 UTC,3954,NathanMcKnight,2037-01-01 12:00:00 UTC,MDMA-mediated psychotherapy receives FDA approval in the next twenty years. ,MDMA-mediated psychotherapy receives FDA approval in the next twenty years. ,,177058,47,,,,2016-02-03 21:55:54 UTC,44bd62ad-a32b-4e11-bf89-7263ea33157c,1,visible_to_everyone,false
2016-02-03 21:55:23 UTC,3954,NathanMcKnight,2022-01-01 12:00:00 UTC,MDMA-mediated psychotherapy receives FDA approval in the next five years. ,MDMA-mediated psychotherapy receives FDA approval in the next five years. ,,177057,11,false,,2022-04-12 05:03:11 UTC,2016-02-03 21:55:23 UTC,9972558a-9926-46a2-bdf0-35e3f9431bed,1,visible_to_everyone,false
2016-01-28 19:25:42 UTC,3954,NathanMcKnight,2017-03-01 12:00:00 UTC,Democrats take the Senate in 2016.,Democrats take the Senate in 2016.,,176948,48,false,,2016-12-01 20:58:09 UTC,2016-01-28 19:25:42 UTC,1eba94c8-0c68-44be-94d3-de3a0a179f65,1,visible_to_everyone,false
2016-01-27 02:28:41 UTC,3954,NathanMcKnight,2016-03-03 12:00:00 UTC,"Rubio mops up on Super Tuesday, taking more than 60% of the primaries.","Rubio mops up on Super Tuesday, taking more than 60% of the primaries.",,176929,16,false,,2016-03-03 13:12:16 UTC,2016-01-27 02:28:41 UTC,059fc0cb-a6d8-4800-8b96-32ad8d314895,1,visible_to_everyone,false
2016-01-27 02:21:29 UTC,3954,NathanMcKnight,2016-07-31 12:00:00 UTC,The last two candidates vying for GOP nomination will be Cruz and Rubio. ,The last two candidates vying for GOP nomination will be Cruz and Rubio. ,,176928,16,false,,2016-07-16 04:16:38 UTC,2016-01-27 02:21:29 UTC,57758cf2-fe67-4216-aa14-783853e5aeb0,1,visible_to_everyone,false
2016-01-27 02:04:21 UTC,3954,NathanMcKnight,2016-07-01 12:00:00 UTC,Trump sweeps first four primaries. ,Trump sweeps first four primaries. ,,176927,20,false,,2016-02-02 17:27:08 UTC,2016-01-27 02:04:21 UTC,2d5bd38c-33a5-45e7-bc50-554e7653a4bf,1,visible_to_everyone,false
2016-01-27 02:02:57 UTC,3954,NathanMcKnight,2016-07-18 12:00:00 UTC,Brokered convention.,Brokered convention.,,176926,17,false,,2016-07-16 04:17:03 UTC,2016-01-27 02:02:57 UTC,3cf2df72-da06-4b72-bd53-30c648fab189,1,visible_to_everyone,false
2016-01-27 01:47:03 UTC,3954,NathanMcKnight,2016-10-01 12:00:00 UTC,2016 Election is Clinton vs Rubio.,2016 Election is Clinton vs Rubio.,,176925,12,false,,2016-10-01 13:29:06 UTC,2016-01-27 01:47:03 UTC,e78243b9-e6e5-4c36-a3f7-a7013811df42,1,visible_to_everyone,false
2016-01-26 22:15:33 UTC,3954,NathanMcKnight,2017-03-01 12:00:00 UTC,Democrats win House of Representatives in 2016. ,Democrats win House of Representatives in 2016. ,,176924,9,false,,2017-01-03 12:28:18 UTC,2016-01-26 22:15:33 UTC,3184e2ad-bc8f-48b8-bd9b-ff9fc72cd693,1,visible_to_everyone,false
2016-01-08 19:19:13 UTC,3954,NathanMcKnight,2016-01-31 12:00:00 UTC,Malheur will no longer be occupied by armed insurgents by the end of the month. ,Malheur will no longer be occupied by armed insurgents by the end of the month. ,,176691,67,false,,2016-02-11 14:26:10 UTC,2016-01-08 19:19:13 UTC,b6ae7fe8-8ea1-4835-89c3-ae788d6ed001,1,visible_to_everyone,false
2016-01-08 19:17:13 UTC,3954,NathanMcKnight,2016-01-15 23:00:00 UTC,Malheur insurgency to be resolved within a week. ,Malheur insurgency to be resolved within a week. ,,176690,38,false,,2016-01-16 02:58:47 UTC,2016-01-08 19:17:26 UTC,047b3772-8b94-4328-93da-a2156ed56b95,2,visible_to_everyone,false
2015-11-16 17:29:54 UTC,3954,NathanMcKnight,2040-01-01 12:00:00 UTC,"Within 25 years, a state with UN representation will exist whose territory incorporates portions of both Iran and Syria. ","Within 25 years, a state with UN representation will exist whose territory incorporates portions of both Iran and Syria. ",,166908,41,,,,2015-11-16 17:29:54 UTC,995c822d-3462-4943-850a-3eb4331bc519,1,visible_to_everyone,false
2015-10-31 23:09:58 UTC,3954,NathanMcKnight,2016-11-12 23:00:00 UTC,Missouri will be a swing state in 2016 (within 1% of the vote margin of the median Electoral College vote). ,Missouri will be a swing state in 2016 (within 1% of the vote margin of the median Electoral College vote). ,,159777,22,false,,2016-11-09 21:47:42 UTC,2015-11-02 20:12:19 UTC,b4245393-a3ea-4c68-96fc-0b450ed491fc,3,visible_to_everyone,false
2015-10-27 03:31:22 UTC,3954,NathanMcKnight,2116-01-01 12:00:00 UTC,"By the end of the century, one or more countries bordering the Persian Gulf (or their successor national or subnational territories) will have a permanent human population of zero. ","By the end of the century, one or more countries bordering the Persian Gulf (or their successor national or subnational territories) will have a permanent human population of zero. ",,158178,15,,,,2015-11-02 20:14:29 UTC,34a32bc9-2ea1-4014-96d8-edf9025a57df,5,visible_to_everyone,false
2015-09-30 17:52:21 UTC,3954,NathanMcKnight,2016-10-01 06:16:00 UTC,FBI investigation will find no criminal activity on Hillary Clinton's part. ,FBI investigation will find no criminal activity on Hillary Clinton's part. ,,149594,80,true,,2016-09-28 17:19:59 UTC,2015-10-05 14:54:29 UTC,e2bfc9e4-249d-45ea-9fc7-014c5fb8868f,2,visible_to_everyone,false
2015-09-29 16:04:13 UTC,3954,NathanMcKnight,2016-11-16 11:00:00 UTC,All Ohio Kasich/Boehner ticket wins GOP nomination.,All Ohio Kasich/Boehner ticket wins GOP nomination.,,149079,2,false,,2016-10-06 23:05:19 UTC,2015-12-02 21:37:21 UTC,521ad733-a1d6-4473-b393-edd476c40136,2,visible_to_everyone,false
2015-09-29 16:03:16 UTC,3954,NathanMcKnight,2016-11-16 11:00:00 UTC,Boehner's resignation turns out to be part of a play to get Boehner on one of the GOP presidential tickets. ,Boehner's resignation turns out to be part of a play to get Boehner on one of the GOP presidential tickets. ,,149078,4,false,,2016-10-06 23:04:55 UTC,2015-12-02 21:37:44 UTC,67330754-136e-4adc-9c01-69f113a35430,2,visible_to_everyone,false
2015-05-04 17:27:26 UTC,3954,NathanMcKnight,2016-09-01 12:00:00 UTC,Hillary chooses Sanders as running mate. ,Hillary chooses Sanders as running mate. ,,104999,11,false,,2016-07-23 10:48:59 UTC,2015-05-04 17:27:26 UTC,2a81ffbe-9854-46e3-ace7-b96d8a8a64d6,1,visible_to_everyone,false
2015-04-16 16:10:11 UTC,3954,NathanMcKnight,2015-08-30 12:00:00 UTC,"""No Award"" takes at least one Hugo category this year. ","""No Award"" takes at least one Hugo category this year. ",,89831,75,true,,2015-08-23 18:29:19 UTC,2015-04-16 16:10:11 UTC,ddb45c7c-0b81-4bed-ba25-842fc6a43a8e,1,visible_to_everyone,false
2015-04-16 16:09:27 UTC,3954,NathanMcKnight,2015-08-30 12:00:00 UTC,"""No Award"" sweeps the Hugos this year. ","""No Award"" sweeps the Hugos this year. ",,89830,25,true,,2015-08-23 21:45:54 UTC,2015-04-16 16:09:27 UTC,800911b3-81ff-4126-8c69-38c0b6e2335f,1,visible_to_everyone,false
2015-04-16 15:45:42 UTC,3954,NathanMcKnight,2016-09-01 12:00:00 UTC,Hillary Clinton chooses Sherrod Brown as running mate. ,Hillary Clinton chooses Sherrod Brown as running mate. ,,89829,19,false,,2016-07-23 10:51:19 UTC,2015-04-16 15:45:42 UTC,48fca1da-e561-4be7-95fa-40787b544700,1,visible_to_everyone,false
2015-04-16 15:44:35 UTC,3954,NathanMcKnight,2016-09-01 12:00:00 UTC,"Hillary chooses running mate from Ohio, Colorado, Florida, or Virginia. ","Hillary chooses running mate from Ohio, Colorado, Florida, or Virginia. ",,89828,72,true,,2016-07-23 10:51:32 UTC,2015-04-16 15:44:35 UTC,dd3709f3-a5bf-492f-9e74-6a063dabf8a8,1,visible_to_everyone,false
2014-10-22 04:27:18 UTC,3954,NathanMcKnight,2015-01-01 12:00:00 UTC,Michelle Nun takes Georgia. ,Michelle Nun takes Georgia. ,,40137,60,false,,2014-11-14 15:54:49 UTC,2014-10-22 04:27:18 UTC,195c3e7f-0d54-41f1-985c-861ec6ac7642,1,visible_to_everyone,false
2014-10-20 15:49:29 UTC,3954,NathanMcKnight,3014-10-20 15:49:29 UTC,"If the Earth's magnetic field reverses polarity before the confirmation of axions, the data collected during the event will provide confirmation. ","If the Earth's magnetic field reverses polarity before the confirmation of axions, the data collected during the event will provide confirmation. ",,40002,57,,,,2014-10-20 15:49:29 UTC,ea772e9b-8826-4652-b4dc-cd516c324a15,1,visible_to_everyone,false
2014-10-20 15:29:13 UTC,3954,NathanMcKnight,2114-10-21 02:29:13 UTC,"Proof of concept for axion-photon conversion as a basis for energy generation demonstrated experimentally, as published in at least one refereed physics journal. ","Proof of concept for axion-photon conversion as a basis for energy generation demonstrated experimentally, as published in at least one refereed physics journal. ",,40001,25,,,,2014-10-20 15:41:51 UTC,65b70375-11e6-42c8-b7f4-49259f0cbd9b,2,visible_to_everyone,false
2014-10-20 15:25:25 UTC,3954,NathanMcKnight,2024-10-20 15:25:25 UTC,Detection of axions widely accepted in physics publications. ,Detection of axions widely accepted in physics publications. ,,40000,37,,,,2014-10-20 15:25:25 UTC,03e813b7-332d-453f-a2aa-0228deae9d61,1,visible_to_everyone,false
2014-10-20 14:37:27 UTC,3954,NathanMcKnight,2015-01-16 12:00:00 UTC,Most Senate Dems outperform RCP average by more than 1%. ,Most Senate Dems outperform RCP average by more than 1%. ,,39999,75,,,,2014-10-20 14:37:27 UTC,b72932bd-6e52-4dbe-8cd5-0c4b24bf97a7,1,visible_to_everyone,false
2013-12-16 20:54:58 UTC,3954,NathanMcKnight,2113-12-16 12:00:00 UTC,There will be a population boom in arctic communities in the next hundred years.,There will be a population boom in arctic communities in the next hundred years.,,22495,50,,,,2013-12-16 20:54:58 UTC,632a82e0-8f3d-4435-93a7-c03a3f1838cf,1,visible_to_everyone,false
2013-11-20 06:43:50 UTC,3954,NathanMcKnight,2013-12-20 12:00:00 UTC,McDonald's McResource Line website will remove its advice to employees to sell unwanted Christmas presents within 30 days. ,McDonald's McResource Line website will remove its advice to employees to sell unwanted Christmas presents within 30 days. ,,22164,60,,,,2013-11-20 06:43:50 UTC,282c4596-3eee-464e-96fe-733361e4f5fc,1,visible_to_everyone,false
2013-10-18 01:59:08 UTC,3954,NathanMcKnight,2016-12-31 12:00:00 UTC,"Contingent on his winning the nomination, Rand Paul will make double digit gains over John McCain among minority voters. ","Contingent on his winning the nomination, Rand Paul will make double digit gains over John McCain among minority voters. ",,21773,60,,,,2013-10-18 01:59:08 UTC,6c255740-b306-4124-a1ee-42d50eeaca08,1,visible_to_everyone,false
2013-10-18 01:53:01 UTC,3954,NathanMcKnight,2020-01-01 12:00:00 UTC,Ted Cruz will not win a term as US Senator contiguous with his current term. ,Ted Cruz will not win a term as US Senator contiguous with his current term. ,,21771,42,false,,2020-01-01 18:54:02 UTC,2013-10-18 01:53:01 UTC,73d98718-3399-4b34-b6ec-71b2349d6c5f,1,visible_to_everyone,false
2013-10-18 01:49:56 UTC,3954,NathanMcKnight,2016-12-31 23:00:00 UTC,Both major party presidential candidates will express support for softening punishments for drug offenses during the 2016 US presidential campaign.,Both major party presidential candidates will express support for softening punishments for drug offenses during the 2016 US presidential campaign.,,21770,48,false,,2017-01-01 17:16:31 UTC,2013-10-24 19:39:57 UTC,5a4a1146-adea-4be1-acbb-fe17d57fd193,2,visible_to_everyone,false
2013-09-20 02:49:44 UTC,3954,NathanMcKnight,2016-12-31 12:00:00 UTC,Democratic candidate to win 2016 presidential election by greater margin than Obama did in 2012. ,Democratic candidate to win 2016 presidential election by greater margin than Obama did in 2012. ,,21388,34,false,,2016-11-09 08:51:35 UTC,2013-09-20 02:49:44 UTC,e8f02078-74f1-44c3-bc65-b07b15685fe6,1,visible_to_everyone,false
2013-07-12 14:07:47 UTC,3954,NathanMcKnight,2023-01-01 12:00:00 UTC,Astronomers will detect a planet where alcohol is thought to rain from the sky. ,Astronomers will detect a planet where alcohol is thought to rain from the sky. ,,20331,36,,,,2013-07-12 14:07:47 UTC,33c8040c-f5c2-4e50-950f-b313ad6b6635,1,visible_to_everyone,false
2013-04-26 15:56:12 UTC,3954,NathanMcKnight,2063-04-26 15:56:12 UTC,Strong evidence of life on Europa in next fifty years.,Strong evidence of life on Europa in next fifty years.,,17804,17,,,,2013-04-28 17:53:24 UTC,2a5a97e4-eec4-4dc2-8de3-dddca6eaef84,2,visible_to_everyone,false
2013-04-26 15:54:32 UTC,3954,NathanMcKnight,2113-04-26 15:54:32 UTC,Life discovered on Jupiter in next 100 years. ,Life discovered on Jupiter in next 100 years. ,,17803,2,,,,2013-04-26 15:54:32 UTC,2729be24-d2e4-48f4-983f-3aab3e601932,1,visible_to_everyone,false
2013-04-23 16:34:53 UTC,3954,NathanMcKnight,2113-04-23 16:34:53 UTC,"Titan has two semi-connected biospheres, one on the surface, and one under the ice crust. ","Titan has two semi-connected biospheres, one on the surface, and one under the ice crust. ",,17735,7,,,,2013-04-23 16:34:53 UTC,d23de167-5257-4fbf-8eb4-ec38dcdd38bc,1,visible_to_everyone,false
2013-04-22 04:54:16 UTC,3954,NathanMcKnight,2016-04-22 20:18:00 UTC,Dzhokhar Tsarnaev not convicted under federal terror charges. ,Dzhokhar Tsarnaev not convicted under federal terror charges. ,,17712,15,false,,2016-04-01 21:32:27 UTC,2013-04-27 20:10:33 UTC,98143ea9-238d-47e7-b0ff-0805b71b96af,2,visible_to_everyone,false
2013-03-27 00:42:36 UTC,3954,NathanMcKnight,2014-01-01 12:00:00 UTC,Supremes make same-sex marriage law of the land.,Supremes make same-sex marriage law of the land.,,16989,38,false,,2014-01-01 23:30:50 UTC,2013-03-27 00:42:36 UTC,811460ae-83f2-4df4-b506-8ab1dcab2ad3,1,visible_to_everyone,false
2013-03-12 00:10:43 UTC,3954,NathanMcKnight,2014-01-01 12:00:00 UTC,Detection of free oxygen on an exoplanet by end of the year.,Detection of free oxygen on an exoplanet by end of the year.,,16512,17,false,,2014-01-01 15:07:06 UTC,2013-03-12 00:10:59 UTC,e353c252-3517-400c-95b7-e948fa7c0739,2,visible_to_everyone,false
2013-01-26 02:12:52 UTC,3954,NathanMcKnight,2113-01-01 12:00:00 UTC,"Obama will come to be ranked, on average, by presidential historians within two places of 17th best president. (ref: http://fivethirtyeight.blogs.nytimes.com/2013/01/23/contemplating-obamas-place-in-history-statistically/)","Obama will come to be ranked, on average, by presidential historians within two places of 17th best president. (ref: http://fivethirtyeight.blogs.nytimes.com/2013/01/23/contemplating-obamas-place-in-history-statistically/)",,15014,38,,,,2013-02-04 11:42:12 UTC,d29a6206-44b0-4dff-b285-821c3abaee5c,4,visible_to_everyone,false
2013-01-20 03:15:59 UTC,3954,NathanMcKnight,2014-12-01 12:00:00 UTC,Elizabeth Colbert-Busch wins SC House Seat. ,Elizabeth Colbert-Busch wins SC House Seat. ,,14851,60,false,,2013-05-16 12:41:24 UTC,2013-01-20 03:15:59 UTC,3dad5bcb-eaed-4a97-8dd1-d9ec193de278,1,visible_to_everyone,false
2012-11-29 22:38:22 UTC,3954,NathanMcKnight,2032-01-01 12:00:00 UTC,Over the next 20 years loop quantum gravity will dominate the efforts to reconcile Relativity with Quantum Mechanics. ,Over the next 20 years loop quantum gravity will dominate the efforts to reconcile Relativity with Quantum Mechanics. ,,10964,50,,,,2012-11-29 22:38:22 UTC,b48d4a34-cc02-447d-a805-b9cbcb8cfa51,1,visible_to_everyone,false
2012-11-28 15:35:16 UTC,3954,NathanMcKnight,2063-01-01 12:00:00 UTC,"Within 50 years, excavations on Flores Island will show that Homo floresiensis survived into historical times. ","Within 50 years, excavations on Flores Island will show that Homo floresiensis survived into historical times. ",,10830,53,,,,2012-11-28 15:35:16 UTC,a4a89e33-2f3f-4d1d-a7d0-9623f57e3e45,1,visible_to_everyone,false
2012-11-25 17:36:06 UTC,3954,NathanMcKnight,2062-01-01 12:00:00 UTC,"Martian ""dark sand cascades"" are found to be evidence of microbial activity. ","Martian ""dark sand cascades"" are found to be evidence of microbial activity. ",,10508,16,,,,2013-04-14 02:58:14 UTC,04883ee9-638d-4e9d-b6da-d5e523aa474e,2,visible_to_everyone,false
2012-11-25 17:14:21 UTC,3954,NathanMcKnight,2013-12-31 12:00:00 UTC,"""I estimate there is a 79.4357 percent probability that Susan Rice will be confirmed early next year as secretary of State, and the vote won’t even be close."" --John Heilemann, NY Magazine","""I estimate there is a 79.4357 percent probability that Susan Rice will be confirmed early next year as secretary of State, and the vote won’t even be close."" --John Heilemann, NY Magazine",,10507,55,false,,2013-02-24 09:54:06 UTC,2012-11-25 17:14:21 UTC,f1cfe149-ddd3-42c6-87e1-222e8f131e42,1,visible_to_everyone,false
2012-11-20 14:37:18 UTC,3954,NathanMcKnight,2013-01-01 12:00:00 UTC,Mars rover SAM instrument discovers live microorganisms in Martian soil. ,Mars rover SAM instrument discovers live microorganisms in Martian soil. ,,10215,11,false,,2013-04-26 02:14:11 UTC,2012-11-20 14:37:18 UTC,5c97f710-64c1-4d56-b4f4-f184ec48aa4c,1,visible_to_everyone,false
2012-11-20 14:36:31 UTC,3954,NathanMcKnight,2013-01-01 12:00:00 UTC,Mars rover SAM instrument discovers methane in Martian atmosphere. ,Mars rover SAM instrument discovers methane in Martian atmosphere. ,,10214,54,false,,2013-01-26 01:56:02 UTC,2012-11-20 14:36:31 UTC,46818ca8-6972-4f1e-9391-67498fffbae5,1,visible_to_everyone,false
2012-11-18 02:04:51 UTC,3954,NathanMcKnight,2012-12-02 02:04:51 UTC,"""Anonymous"" ORCA hack claim will make Fox News headlines in the next two weeks. ","""Anonymous"" ORCA hack claim will make Fox News headlines in the next two weeks. ",,10050,58,false,,2013-02-24 10:11:32 UTC,2012-11-18 02:05:15 UTC,73e81bbc-5426-4f56-88cb-15c65f23015c,2,visible_to_everyone,false
2012-11-16 03:27:53 UTC,3954,NathanMcKnight,2030-01-01 12:00:00 UTC,"Between now and 2030, a feature length movie will be made about the life of one of the major figures of classical anarchism. (e.g. Proudhon, Kropotkin, Malatesta, Durruti, Goldman etc.) ","Between now and 2030, a feature length movie will be made about the life of one of the major figures of classical anarchism. (e.g. Proudhon, Kropotkin, Malatesta, Durruti, Goldman etc.) ",,9976,57,,,,2012-11-16 03:27:53 UTC,cb44f73f-0d82-4217-8e0b-ec7d4157fffc,1,visible_to_everyone,false
2012-11-09 07:13:25 UTC,3954,NathanMcKnight,2020-01-01 12:00:00 UTC,"By 2020, Puerto Rico will be admitted to the Union","By 2020, Puerto Rico will be admitted to the Union",,9629,39,false,,2020-01-01 18:02:48 UTC,2012-11-09 07:13:25 UTC,c620b86d-b58a-4fa8-95dc-8a07596d9a41,1,visible_to_everyone,false
2012-11-09 06:28:41 UTC,3954,NathanMcKnight,2016-11-10 12:00:00 UTC,The Democratic candidate takes Georgia in 2016,The Democratic candidate takes Georgia in 2016,,9627,28,false,,2016-11-09 08:32:59 UTC,2012-11-09 06:28:41 UTC,9adf228c-bb89-4eba-879b-ad40faef05aa,1,visible_to_everyone,false
