mu,order1_a_max_over_rho,order1_frame_return_Fro,order1_radius_residual,order1_orthogonality_residual,order2_a_max_over_rho,order2_frame_return_Fro,order2_radius_residual,order2_orthogonality_residual,order3_a_max_over_rho,order3_frame_return_Fro,order3_radius_residual,order3_orthogonality_residual
0.4,0.5369599710771576,2.825067049480975,2.220446049250313e-16,0.0,0.9502592821282152,2.4830285757182757,2.7755575615628914e-16,2.0816681711721685e-16,2.061741855824504,2.6597661203521272,3.4694469519536137e-16,2.60208521396521e-16
0.45,0.5369599710771576,2.825067049480975,2.220446049250313e-16,0.0,0.8777888542550886,2.715208347933875,3.700743415417188e-16,1.850371707708594e-16,1.7433678239465713,2.4128768971057832,4.11193712824132e-16,2.05596856412066e-16
0.5,0.5369599710771576,2.825067049480975,2.220446049250313e-16,0.0,0.9294176317956455,3.1072109234737884,2.220446049250313e-16,1.6653345369377348e-16,1.0927696607274138,2.9050736161716473,2.220446049250313e-16,1.6653345369377348e-16
0.55,0.5369599710771576,2.825067049480975,2.220446049250313e-16,0.0,0.7108704587258139,2.895128384808438,4.037174635000569e-16,2.0185873175002846e-16,0.5128340621049045,2.8364544013438704,3.670158759091426e-16,2.2938492244321414e-16
0.6000000000000001,0.5369599710771576,2.825067049480975,2.220446049250313e-16,0.0,0.6789363204170559,2.664816855063894,3.700743415417188e-16,3.2381504884900393e-16,0.6948760389150013,3.014579363667274,3.08395284618099e-16,1.7347234759768066e-16
0.6500000000000001,0.5369599710771576,2.825067049480975,2.220446049250313e-16,0.0,0.6363626916969718,2.705954282701811,3.416070845000481e-16,2.5620531337503605e-16,0.6704314507734787,3.3009540202568615,3.941620205769785e-16,2.2992784533657077e-16
0.7000000000000001,0.5369599710771576,2.825067049480975,2.220446049250313e-16,0.0,0.5943765383948689,3.019784832406389,3.172065784643304e-16,1.982541115402065e-16,0.49513859591676423,2.831537500835606,3.3986419121178255e-16,1.7878272558536476e-16
0.7500000000000001,0.5369599710771576,2.825067049480975,2.220446049250313e-16,0.0,0.6866371447745641,3.12703607743426,2.96059473233375e-16,2.4054832200211723e-16,0.6071536181835039,3.06046528831,3.947459643111666e-16,1.973729821555833e-16
0.8,0.5369599710771576,2.825067049480975,2.220446049250313e-16,0.0,0.643856466290303,2.7672361471789126,2.7755575615628914e-16,2.0816681711721685e-16,0.49929014813948536,2.897558458739358,5.20417042793042e-16,1.7347234759768068e-16
0.8500000000000001,0.5369599710771576,2.825067049480975,2.220446049250313e-16,0.0,0.4279787399722141,2.8343685317664074,2.6122894697062503e-16,1.9592171022796877e-16,0.17737120653516616,3.202923078711194,4.609922593599265e-16,2.1128811887329965e-16
0.9000000000000001,0.5369599710771576,2.825067049480975,2.220446049250313e-16,0.0,0.6128391189417874,2.541591746029593,4.934324553889584e-16,2.158766992326693e-16,0.2896584700559821,2.6117460913134662,4.111937128241319e-16,2.0559685641206595e-16
0.9500000000000002,0.5369599710771576,2.825067049480975,2.220446049250313e-16,0.0,0.5429008969031494,2.330357728859947,3.5059674461847044e-16,2.3373116307898026e-16,0.3183954868500111,3.087884661308164,3.6904920486154776e-16,1.8452460243077388e-16
1.0,0.5369599710771576,2.825067049480975,2.220446049250313e-16,0.0,0.5165161131906018,3.1770514961348177,2.220446049250313e-16,2.220446049250313e-16,0.24688347584311146,2.772511362398606,2.220446049250313e-16,2.0816681711721685e-16
1.0500000000000003,0.5369599710771576,2.825067049480975,2.220446049250313e-16,0.0,0.3663770713372082,2.5908669354563947,4.2294210461910713e-16,2.1147105230955357e-16,0.18669974851296056,2.6188589246813523,4.028020043991496e-16,1.510507516496811e-16
1.1,0.5369599710771576,2.825067049480975,2.220446049250313e-16,0.0,0.3622380008084141,2.3472640723205793,2.0185873175002846e-16,2.0185873175002846e-16,0.293028612871303,2.581115573725144,3.670158759091426e-16,1.3763095346592848e-16
1.1500000000000001,0.5369599710771576,2.825067049480975,2.220446049250313e-16,0.0,0.3611811573859277,2.430312896836044,3.861645303044022e-16,2.413528314402514e-16,0.10341211514438203,2.992192087624918,3.3579524374295845e-16,2.0987202733934902e-16
1.2000000000000002,0.5369599710771576,2.825067049480975,2.220446049250313e-16,0.0,0.46641569172978925,2.8694762743379596,3.700743415417188e-16,1.850371707708594e-16,0.30066585605048296,2.795868586473244,3.08395284618099e-16,1.9274705288631186e-16
1.2500000000000002,0.5369599710771576,2.825067049480975,2.220446049250313e-16,0.0,0.44875522103833826,2.897240982008041,3.5527136788005e-16,1.77635683940025e-16,0.20758092636421574,2.4998588942507465,2.8421709430403993e-16,1.7763568394002498e-16
1.3000000000000003,0.5369599710771576,2.825067049480975,2.220446049250313e-16,0.0,0.44683515908506055,3.2236365768623556,3.416070845000481e-16,2.5620531337503605e-16,0.16102972282577005,2.973813914399472,3.941620205769785e-16,1.9708101028848925e-16
1.35,0.5369599710771576,2.825067049480975,2.220446049250313e-16,0.0,0.21332618257900718,2.883723067929916,3.289549702593056e-16,2.467162276944792e-16,0.04178157156571999,2.837403799951261,3.6550552251033957e-16,2.4367034834022636e-16
1.4000000000000004,0.5369599710771576,2.825067049480975,2.220446049250313e-16,0.0,0.38956021167838495,2.624457527605032,3.1720657846433035e-16,2.973811673103097e-16,0.15548075423921232,2.9491459700684794,3.3986419121178245e-16,1.9825411154020641e-16
1.4500000000000002,0.5369599710771576,2.825067049480975,2.220446049250313e-16,0.0,0.4023867633207046,2.752150647694532,3.0626842058625005e-16,2.2970131543968753e-16,0.13033490236646073,2.9367219482812925,4.224392008086207e-16,1.8481715035377156e-16
1.5000000000000004,0.5369599710771576,2.825067049480975,2.220446049250313e-16,0.0,0.4878546651004137,2.7550355388252656,2.96059473233375e-16,2.2204460492503123e-16,0.0987289172486425,3.3873372315168284,3.9474596431116655e-16,1.9737298215558328e-16
1.5500000000000003,0.5369599710771576,2.825067049480975,2.220446049250313e-16,0.0,0.4476962846809725,2.79571940540257,2.8650916764520163e-16,2.1488187573390122e-16,0.15607944263516033,1.69787274998025,3.696892485744537e-16,1.963974133051785e-16
1.6,0.5369599710771576,2.825067049480975,2.220446049250313e-16,0.0,0.44968348331145197,2.4735224210099402,4.163336342344337e-16,2.0816681711721685e-16,0.06452742874009344,2.749542991798586,3.4694469519536137e-16,1.7347234759768068e-16
1.6500000000000004,0.5369599710771576,2.825067049480975,2.220446049250313e-16,0.0,0.5013755733152037,2.8003421804304494,4.0371746350005686e-16,2.0185873175002843e-16,0.14655434019981572,3.164688780018605,4.8935450121219e-16,1.6311816707073e-16
1.7000000000000002,0.5369599710771576,2.825067049480975,2.220446049250313e-16,0.0,0.48614274946477387,2.6583534855063062,3.9184342045593754e-16,1.9592171022796877e-16,0.0759146838209531,2.6893841011641055,3.0732817290661765e-16,2.3049612967996323e-16
1.7500000000000004,0.5369599710771576,2.825067049480975,2.220446049250313e-16,0.0,0.43480840975598145,2.4364561309666914,3.806478941571964e-16,2.537652627714643e-16,0.035165617073573574,2.3259575898232288,4.350261647510815e-16,2.1751308237554074e-16
1.8000000000000003,0.5369599710771576,2.825067049480975,2.220446049250313e-16,0.0,0.3879236788268774,2.631652459584691,2.467162276944792e-16,2.158766992326693e-16,0.04755503118563803,3.0909870937506594,2.741291418827546e-16,2.0559685641206595e-16
1.85,0.5369599710771576,2.825067049480975,2.220446049250313e-16,0.0,0.30867511044975765,2.856659088383175,3.6007233231086155e-16,1.9503918000171667e-16,0.0386200064760157,3.6265836318754836,2.59511590854675e-16,1.9463369314100623e-16
1.9000000000000004,0.5369599710771576,2.825067049480975,2.220446049250313e-16,0.0,0.21414511918013113,2.882063177326196,2.3373116307898026e-16,1.7529837230923522e-16,0.16955784462259615,3.0741035811578583,3.6904920486154776e-16,1.9990165263333838e-16
1.9500000000000002,0.5369599710771576,2.825067049480975,2.220446049250313e-16,0.0,0.1965081528191923,3.0350356465404884,3.4160708450004814e-16,2.277380563333654e-16,0.15318719650607812,2.6319880264768405,3.5036624051286983e-16,1.7518312025643491e-16
2.0000000000000004,0.5369599710771576,2.825067049480975,2.220446049250313e-16,0.0,0.2229137878887211,2.867600088203965,3.330669073875469e-16,1.9428902930940235e-16,0.0788286735877716,2.9891260768197694,4.440892098500624e-16,1.665334536937734e-16
2.0500000000000003,0.5369599710771576,2.825067049480975,2.220446049250313e-16,0.0,0.2260000820604357,2.659453332821055,4.332577657073781e-16,1.7601096731862236e-16,0.04740595710760752,2.880985339815899,4.226905031291493e-16,1.5850893867343097e-16
2.1000000000000005,0.5369599710771576,2.825067049480975,2.220446049250313e-16,0.0,0.2548278419122501,2.8273090600867916,4.2294210461910713e-16,2.1147105230955357e-16,0.0637227376544314,3.2641566627853256,2.014010021995748e-16,2.2657612747452165e-16
2.1500000000000004,0.5369599710771576,2.825067049480975,2.220446049250313e-16,0.0,0.2696009705577462,2.79722447205354,4.1310624172098843e-16,2.0655312086049421e-16,0.1865500999435987,2.8684250013155212,3.8428487601952405e-16,2.0415134038537216e-16
2.2,0.5369599710771576,2.825067049480975,2.220446049250313e-16,0.0,0.26778918958002845,2.405961595503569,4.037174635000569e-16,2.0185873175002846e-16,0.14451530622159434,2.3126338505150703,3.670158759091426e-16,2.2938492244321414e-16
