"Week of","Commits"
"2025-11-09",0
"2025-11-16",0
"2025-11-23",0
"2025-11-30",0
"2025-12-07",0
"2025-12-14",0
"2025-12-21",0
"2025-12-28",2
"2026-01-04",0
"2026-01-11",2
"2026-01-18",0
"2026-01-25",0
"2026-02-01",0
"2026-02-08",0
"2026-02-15",0
"2026-02-22",0
"2026-03-01",1
"2026-03-08",0
"2026-03-15",0
"2026-03-22",0
"2026-03-29",0
"2026-04-05",0
"2026-04-12",0
"2026-04-19",1
"2026-04-26",0
"2026-05-03",1
"2026-05-10",0
"2026-05-17",0
"2026-05-24",38
"2026-05-31",89
"2026-06-07",108
"2026-06-14",10
"2026-06-21",7
"2026-06-28",14
"2026-07-05",1
"2026-07-12",4
"2026-07-19",0
"2026-07-26",0
"2026-08-02",0
"2026-08-09",0
"2026-08-16",0
"2026-08-23",1
"2026-08-30",128
"2026-09-06",158
"2026-09-13",17
"2026-09-20",51
"2026-09-27",4